{
  "儿童": 33.130008944933515,
  "启蒙": 6.078290609993983,
  "益智": 27.417094310009194,
  "动画": 19.70421194481069,
  "早教": 9.764119564089507,
  "视频": 20.389696235120805,
  "汤姆": 1.4203826885157127,
  "动画片": 19.04627591825234,
  "佩奇": 4.138765002454004,
  "乔治": 1.1687111741309837,
  "爱看": 5.7207089495504375,
  "小视频": 0.5698822572151131,
  "奥特曼": 11.48962728787915,
  "相信": 2.6221155986082993,
  "烦恼": 0.6724754184212288,
  "动漫": 3.6487207847537846,
  "工程车": 2.8091767467246958,
  "大全": 4.535602374621859,
  "挖掘机": 2.53778510113023,
  "玩具": 10.733961591808784,
  "童年": 1.6344349023063411,
  "漫画": 0.0859355555012144,
  "推荐": 2.0932275641321842,
  "快乐": 0.1746527078022127,
  "哪吒": 5.28796000047197,
  "小宝宝": 0.13865014795161426,
  "学生": 0.3353149442578065,
  "小游戏": 1.5093088838922577,
  "全集": 0.21376338781271345,
  "糖果": 0.040978595928297605,
  "小猪": 2.9708796476219845,
  "解压": 4.857051067728925,
  "游戏": 16.12402034729384,
  "原创": 1.9427227929442048,
  "少儿": 0.5566965605917826,
  "小朋友": 5.695066908207812,
  "好玩": 0.11278912074838346,
  "搞笑": 4.881539651516468,
  "亲子": 2.2503954258286547,
  "精彩": 0.6527769649677281,
  "时刻": 0.298259440181628,
  "这个": 0.11251818161473483,
  "小孩儿": 0.11707261441812855,
  "迪迦": 1.338741744786966,
  "画片": 0.1494370497777068,
  "挖土": 0.08684307196322874,
  "超级": 5.149343801728429,
  "宝贝": 5.149343801728429,
  "jojo": 5.148398197791184,
  "猫和老鼠": 0.09665911095916013,
  "你们": 0.03420708018139424,
  "有趣": 0.725659669532981,
  "抖音": 2.8950578169745955,
  "腾讯": 0.08139670967499424,
  "卡通动画": 0.013079299573127893,
  "爱莎": 1.7870584174032127,
  "公主": 3.569058417403213,
  "消失": 0.033239660637472475,
  "互动": 2.250347615310657,
  "日常": 2.772432575648248,
  "赛罗": 1.263946112170575,
  "分享": 0.7254903865373235,
  "集奇社": 0.08732352209527815,
  "一只": 0.1746470441905563,
  "青蛙": 0.1746470441905563,
  "剪辑": 1.886846934543024,
  "打电话": 0.11908013536503101,
  "二次元": 0.09261991317262795,
  "奇迹": 0.011658919374372603,
  "再现": 0.4691947684735928,
  "杰瑞": 1.420164502164544,
  "斗罗": 2.7439440192377,
  "大陆": 2.7439440192377,
  "唐三小舞": 2.7298047182573977,
  "唐三": 0.5405731234594012,
  "小舞": 0.5405731234594012,
  "大战": 0.017455927136175445,
  "国漫": 0.7322687344723511,
  "逆天": 0.03491185427235089,
  "而行": 0.03491185427235089,
  "闺女": 0.09785461222400085,
  "巡逻": 0.023945030365124065,
  "小孩子": 0.05321117858916459,
  "不要": 0.03284640653652135,
  "创作者": 0.072992014525603,
  "扶持": 0.072992014525603,
  "计划": 0.072992014525603,
  "喜欢": 0.07630408489538924,
  "一起": 1.8596247946316322,
  "玩游戏": 1.319284107562435,
  "场面": 4.0599474136829,
  "顶得住": 0.23259894801216044,
  "落难": 0.23259894801216044,
  "外面": 0.23259894801216044,
  "生活": 0.3488984220182406,
  "艾莎": 3.472598948012161,
  "找点": 0.23259894801216044,
  "乐子": 0.23259894801216044,
  "汽车": 0.7447498939313444,
  "故事": 0.12922163778453358,
  "经典": 3.527159195076741,
  "自助餐": 0.14357959753837063,
  "国产": 0.3190657723074903,
  "荣耀": 0.3190657723074903,
  "之光": 0.3190657723074903,
  "片段": 0.3545175247861003,
  "维语": 0.3545175247861003,
  "完事": 0.1969541804367224,
  "热门": 3.71333272162472,
  "助手": 0.5403406870691971,
  "每天": 0.6670872679866631,
  "一笑": 0.6670872679866631,
  "忘掉": 0.6670872679866631,
  "格斗": 0.7412080755407368,
  "第二季": 0.7412080755407368,
  "国语版": 0.3706040377703684,
  "樱花": 0.7412080755407368,
  "校园": 0.7412080755407368,
  "模拟器": 5.379076915540737,
  "steam": 3.1855245283785965,
  "恐怖": 3.1855245283785965,
  "别怕": 0.4117822641892982,
  "宝宝": 5.319175632567895,
  "省心": 0.8235645283785964,
  "省力": 0.8235645283785964,
  "乐园": 0.4117822641892982,
  "儿童玩具": 0.45753584909922024,
  "之魔童": 4.896388715691602,
  "降世": 4.896388715691602,
  "流量": 1.0167463313316005,
  "风向标": 1.0167463313316005,
  "卡通片": 7.969718145924,
  "沙雕": 0.6973568802000003,
  "汪汪": 1.3947137604000006,
  "阿奇": 0.6973568802000003,
  "队阿奇": 0.6973568802000003,
  "理发师": 4.637868840000001,
  "轻松": 4.637868840000001,
  "真人版": 1.9131876000000005,
  "DOU": 0.9565938000000003,
  "光之国": 0.9565938000000003,
  "砍倒": 1.0628820000000003,
  "果树": 1.0628820000000003,
  "哪吒闹海": 1.0628820000000003,
  "勾机": 1.1809800000000004,
  "千万别": 1.3122000000000003,
  "回头": 1.3122000000000003,
  "善良": 1.4580000000000002,
  "英语": 3.6
}